"","Club","Season","GF","GA","Pts","xG","xGA","Age","Poss","Sh","SoT","Dist","SoTA","CS","Expenditure","Arrivals","Income","Departures","xG_cat","NetSpend","xG_diff","xGA_diff","SoT_diff","Mean_NetSpend","fits","GF_c","GA_c","Mean_NetSpend_c"
"1","Manchester City","2017-2018",2.78947368421053,0.710526315789474,100,2.06842105263158,0.626315789473684,26.4,71,17.2631578947368,6.68421052631579,17.8,2.23684210526316,18,317.5,31,91.35,32,"Overperformed xG, Underperformed xGA",226.15,0.721052631578947,0.0842105263157894,4.44736842105263,90.1985714285714,88.8318845701471,1.37048872180451,-0.708458646616541,30.8996428571428
"2","Manchester Utd","2017-2018",1.78947368421053,0.736842105263158,81,1.46578947368421,1.07105263157895,26.7,54.7,13.3947368421053,4.47368421052632,18.4,3.76315789473684,19,198.4,12,45.5,10,"Overperformed xG, Overperformed xGA",152.9,0.323684210526316,-0.33421052631579,0.710526315789474,128.515714285714,67.4526078171879,0.370488721804511,-0.682142857142857,69.2167857142857
"3","Tottenham","2017-2018",1.94736842105263,0.947368421052632,77,1.70263157894737,0.892105263157895,25.8,61.8,16.3157894736842,5.5,18.4,3.26315789473684,16,121,15,103.8,12,"Overperformed xG, Underperformed xGA",17.2,0.244736842105263,0.0552631578947369,2.23684210526316,78.4114285714286,65.5582415226219,0.528383458646616,-0.471616541353383,19.1125
"4","Liverpool","2017-2018",2.21052631578947,1,75,1.91842105263158,0.889473684210526,25.6,60.3,16.7105263157895,5.94736842105263,17.7,2.73684210526316,17,173.65,13,184.5,15,"Overperformed xG, Underperformed xGA",-10.85,0.292105263157895,0.110526315789474,3.21052631578947,56.54,81.1191075136998,0.791541353383459,-0.418984962406015,-2.75892857142859
"5","Chelsea","2017-2018",1.63157894736842,1,70,1.43157894736842,0.889473684210526,26.7,55.6,15.8684210526316,5.52631578947368,17.9,3.07894736842105,16,260.5,40,194.6,31,"Overperformed xG, Underperformed xGA",65.9,0.2,0.110526315789474,2.44736842105263,139.39,64.2051227407891,0.212593984962406,-0.418984962406015,80.0910714285714
"6","Arsenal","2017-2018",1.94736842105263,1.34210526315789,63,1.79736842105263,1.25789473684211,26.8,61.4,15.5,5.86842105263158,17.9,3.86842105263158,13,152.85,10,162.4,16,"Overperformed xG, Underperformed xGA",-9.55,0.15,0.0842105263157895,2,100,69.0763503553874,0.528383458646616,-0.07687969924812,40.7010714285714
"7","Burnley","2017-2018",0.947368421052632,1.02631578947368,54,0.85,1.34736842105263,27.5,43.7,9.94736842105263,3.31578947368421,17,4.21052631578947,12,35.74,20,50,22,"Overperformed xG, Overperformed xGA",-14.26,0.0973684210526317,-0.321052631578947,-0.894736842105263,22.665,41.3902162170388,-0.471616541353384,-0.39266917293233,-36.6339285714286
"8","Everton","2017-2018",1.15789473684211,1.52631578947368,49,1.06578947368421,1.37894736842105,26.7,45.5,9.23684210526316,2.89473684210526,17.6,4.68421052631579,10,203.2,23,126.38,20,"Overperformed xG, Underperformed xGA",76.82,0.0921052631578947,0.147368421052632,-1.78947368421053,25.97,46.8852023333285,-0.26109022556391,0.10733082706767,-33.3289285714286
"9","Leicester City","2017-2018",1.47368421052632,1.57894736842105,47,1.31578947368421,1.26578947368421,27.2,48,10.9736842105263,3.60526315789474,17.6,4.31578947368421,9,83.85,14,50.1,13,"Overperformed xG, Underperformed xGA",33.75,0.157894736842105,0.313157894736842,-0.710526315789474,17.53,51.8748009008583,0.0546992481203004,0.159962406015038,-41.7689285714286
"10","Newcastle Utd","2017-2018",1.02631578947368,1.23684210526316,44,1.09473684210526,1.37894736842105,25.6,41.7,11.8421052631579,3.84210526315789,19.2,3.89473684210526,9,46.5,27,21.22,29,"Underperformed xG, Overperformed xGA",25.28,-0.0684210526315789,-0.142105263157895,-0.052631578947369,74.1571428571429,50.944558678827,-0.392669172932331,-0.182142857142857,14.8582142857143
"11","Crystal Palace","2017-2018",1.18421052631579,1.44736842105263,44,1.40789473684211,1.26842105263158,27.1,45.2,12.2631578947368,3.52631578947368,17.8,4.47368421052632,9,55.95,15,3,18,"Underperformed xG, Underperformed xGA",52.95,-0.223684210526316,0.178947368421053,-0.947368421052632,30.52,46.0733310642287,-0.234774436090226,0.028383458646617,-28.7789285714286
"12","Bournemouth","2017-2018",1.18421052631579,1.60526315789474,44,1.02105263157895,1.55789473684211,26.9,48.1,12.1578947368421,4.02631578947368,18.3,4.47368421052632,6,34.3,15,0,14,"Overperformed xG, Underperformed xGA",34.3,0.163157894736842,0.0473684210526315,-0.447368421052632,66.976,42.3901943305406,-0.234774436090226,0.186278195488722,7.67707142857141
"13","West Ham","2017-2018",1.26315789473684,1.78947368421053,42,0.965789473684211,1.45,28,45.2,9.68421052631579,3.3421052631579,18.2,4.92105263157895,10,56.8,15,64.02,25,"Overperformed xG, Underperformed xGA",-7.22,0.297368421052631,0.339473684210526,-1.57894736842105,53.2428571428571,49.3208161406276,-0.155827067669173,0.370488721804512,-6.05607142857145
"14","Watford","2017-2018",1.15789473684211,1.68421052631579,41,1.18421052631579,1.36315789473684,27.9,49.7,11.4210526315789,3.31578947368421,17.9,4.10526315789474,9,73.4,32,18.74,30,"Underperformed xG, Underperformed xGA",54.66,-0.0263157894736841,0.321052631578947,-0.789473684210527,23.5425,37.9236082326971,-0.26109022556391,0.265225563909775,-35.7564285714286
"15","Brighton","2017-2018",0.894736842105263,1.42105263157895,40,0.973684210526316,1.33684210526316,27.5,43.7,9.92105263157895,2.89473684210526,18.3,4.52631578947368,10,70,23,0,22,"Underperformed xG, Underperformed xGA",69.6,-0.0789473684210527,0.0842105263157893,-1.63157894736842,8.87714285714285,45.6673954296789,-0.524248120300752,0.00206766917293244,-50.4217857142857
"16","Huddersfield","2017-2018",0.736842105263158,1.52631578947368,37,0.823684210526316,1.27631578947368,26.4,45.7,9.47368421052632,2.78947368421053,18.8,4.1578947368421,10,56.75,22,6.46,16,"Underperformed xG, Underperformed xGA",50.3,-0.0868421052631579,0.25,-1.36842105263158,44.335,29.9110116702295,-0.682142857142857,0.10733082706767,-14.9639285714286
"17","Southampton","2017-2018",0.973684210526316,1.47368421052632,36,1.05,1.18947368421053,26.2,51.3,11.7631578947368,3.57894736842105,18.1,4.3421052631579,8,61.25,12,98.35,14,"Underperformed xG, Underperformed xGA",-37.1,-0.0763157894736842,0.284210526315789,-0.763157894736842,32.485,39.6688664928297,-0.4453007518797,0.054699248120301,-26.8139285714286
"18","Swansea City","2017-2018",0.736842105263158,1.47368421052632,33,0.831578947368421,1.5421052631579,27.2,45.3,8.89473684210526,2.5,18.2,5,9,73.39,21,81.1,24,"Underperformed xG, Overperformed xGA",-7.72,-0.0947368421052632,-0.0684210526315792,-2.5,-7.72,37.0395220119383,-0.682142857142857,0.054699248120301,-67.0189285714286
"19","Stoke City","2017-2018",0.921052631578947,1.78947368421053,33,0.960526315789474,1.64473684210526,27.5,41.4,10,3.21052631578947,18.1,5.68421052631579,6,57.7,18,35.14,17,"Underperformed xG, Underperformed xGA",22.56,-0.0394736842105263,0.144736842105263,-2.47368421052632,22.56,37.0395220119383,-0.497932330827068,0.370488721804512,-36.7389285714286
"20","West Brom","2017-2018",0.81578947368421,1.47368421052632,31,0.960526315789474,1.26052631578947,29.1,40.7,9.92105263157895,2.92105263157895,17.7,4.05263157894737,10,53.5,17,2.05,11,"Underperformed xG, Underperformed xGA",51.45,-0.144736842105263,0.213157894736842,-1.13157894736842,42.745,31.584417845993,-0.603195488721805,0.054699248120301,-16.5539285714286
"21","Manchester City","2018-2019",2.5,0.605263157894737,98,2.21842105263158,0.65,26.7,67.9,17.8684210526316,6.63157894736842,16.9,2.13157894736842,20,78.59,19,57.6,22,"Overperformed xG, Overperformed xGA",20.99,0.281578947368421,-0.0447368421052632,4.5,90.1985714285714,88.8318845701471,1.08101503759398,-0.813721804511278,30.8996428571428
"22","Liverpool","2018-2019",2.34210526315789,0.578947368421053,97,1.93947368421053,0.757894736842105,26.1,61.8,14.9473684210526,5.55263157894737,17,2.52631578947368,21,182.2,18,41.32,21,"Overperformed xG, Overperformed xGA",140.88,0.402631578947368,-0.178947368421053,3.02631578947368,56.54,81.1191075136998,0.923120300751879,-0.840037593984962,-2.75892857142859
"23","Chelsea","2018-2019",1.65789473684211,1.02631578947368,72,1.5421052631579,0.957894736842105,27.3,62.9,15.8421052631579,5.05263157894737,17.8,3.26315789473684,16,208.8,30,83.25,31,"Overperformed xG, Underperformed xGA",125.55,0.11578947368421,0.068421052631579,1.78947368421053,139.39,64.2051227407891,0.23890977443609,-0.39266917293233,80.0910714285714
"24","Tottenham","2018-2019",1.76315789473684,1.02631578947368,71,1.44473684210526,1.23947368421053,26.8,59,14.0263157894737,4.78947368421053,18.1,4.10526315789474,13,0,4,5.35,4,"Overperformed xG, Overperformed xGA",-5.35,0.318421052631579,-0.213157894736842,0.684210526315789,78.4114285714286,65.5582415226219,0.344172932330827,-0.39266917293233,19.1125
"25","Arsenal","2018-2019",1.92105263157895,1.34210526315789,70,1.58157894736842,1.42631578947368,26.7,58.1,12.1578947368421,4.18421052631579,16.7,4.78947368421053,8,80.15,17,9.1,12,"Overperformed xG, Overperformed xGA",71.05,0.339473684210526,-0.0842105263157895,-0.605263157894737,100,69.0763503553874,0.502067669172932,-0.07687969924812,40.7010714285714
"26","Manchester Utd","2018-2019",1.71052631578947,1.42105263157895,66,1.61578947368421,1.33157894736842,26.3,54.7,13.5263157894737,5.52631578947368,18.7,4.5,7,82.7,10,30.55,10,"Overperformed xG, Underperformed xGA",52.15,0.0947368421052632,0.0894736842105259,1.02631578947368,128.515714285714,67.4526078171879,0.291541353383458,0.00206766917293244,69.2167857142857
"27","Wolves","2018-2019",1.23684210526316,1.21052631578947,57,1.37105263157895,1.10789473684211,26.1,46.8,12.4473684210526,3.78947368421053,17.7,3.71052631578947,9,117.5,35,23.3,46,"Underperformed xG, Underperformed xGA",94.2,-0.134210526315789,0.102631578947368,0.0789473684210522,40.405,49.6839921609558,-0.182142857142857,-0.208458646616541,-18.8939285714286
"28","Everton","2018-2019",1.42105263157895,1.21052631578947,54,1.30789473684211,1.20263157894737,25.7,51.5,12.9736842105263,4.28947368421053,16.9,3.57894736842105,14,99.8,19,28.65,23,"Overperformed xG, Underperformed xGA",71.15,0.113157894736842,0.00789473684210518,0.710526315789474,25.97,46.8852023333285,0.00206766917293177,-0.208458646616541,-33.3289285714286
"29","Leicester City","2018-2019",1.34210526315789,1.26315789473684,52,1.37894736842105,1.15,25.9,50.9,13.3684210526316,4.55263157894737,18.6,3.63157894736842,10,114.6,16,95.8,18,"Underperformed xG, Underperformed xGA",18.8,-0.036842105263158,0.113157894736842,0.921052631578947,17.53,51.8748009008583,-0.0768796992481207,-0.155827067669173,-41.7689285714286
"30","West Ham","2018-2019",1.36842105263158,1.44736842105263,52,1.25263157894737,1.62894736842105,27.6,48.6,11.4736842105263,3.92105263157895,17.2,5.21052631578947,7,100.9,18,13.77,13,"Overperformed xG, Overperformed xGA",87.14,0.115789473684211,-0.181578947368421,-1.28947368421053,53.2428571428571,49.3208161406276,-0.0505639097744364,0.028383458646617,-6.05607142857145
"31","Watford","2018-2019",1.36842105263158,1.55263157894737,50,1.26842105263158,1.55789473684211,28.5,46.7,11.4736842105263,3.89473684210526,17.3,4.73684210526316,7,30.1,26,51.84,27,"Overperformed xG, Overperformed xGA",-21.74,0.0999999999999999,-0.00526315789473708,-0.842105263157894,23.5425,37.9236082326971,-0.0505639097744364,0.133646616541354,-35.7564285714286
"32","Crystal Palace","2018-2019",1.34210526315789,1.39473684210526,49,1.25263157894737,1.31842105263158,27.4,45.2,12.6842105263158,3.55263157894737,18.4,4.28947368421053,12,11.85,11,0,16,"Overperformed xG, Underperformed xGA",11.5,0.0894736842105264,0.0763157894736841,-0.736842105263158,30.52,46.0733310642287,-0.0768796992481207,-0.0242481203007516,-28.7789285714286
"33","Newcastle Utd","2018-2019",1.10526315789474,1.26315789473684,45,1.02894736842105,1.41052631578947,26.9,40.4,11.6578947368421,3.57894736842105,18.8,3.68421052631579,11,59.75,22,51.05,23,"Overperformed xG, Overperformed xGA",8.7,0.0763157894736843,-0.147368421052632,-0.105263157894737,74.1571428571429,50.944558678827,-0.313721804511278,-0.155827067669173,14.8582142857143
"34","Bournemouth","2018-2019",1.47368421052632,1.84210526315789,45,1.40263157894737,1.50526315789474,26.6,46.9,11.5,4.02631578947368,17.4,4.55263157894737,10,91.6,14,20.2,16,"Overperformed xG, Underperformed xGA",71.4,0.0710526315789473,0.336842105263158,-0.526315789473684,66.976,42.3901943305406,0.0546992481203004,0.42312030075188,7.67707142857141
"35","Burnley","2018-2019",1.18421052631579,1.78947368421053,40,1.16842105263158,1.63421052631579,28,41.2,9.42105263157895,2.94736842105263,15.8,5.23684210526316,8,33,10,8,13,"Overperformed xG, Underperformed xGA",25,0.0157894736842106,0.155263157894737,-2.28947368421053,22.665,41.3902162170388,-0.234774436090226,0.370488721804512,-36.6339285714286
"36","Southampton","2018-2019",1.18421052631579,1.71052631578947,39,1.23421052631579,1.45,25.4,43.4,12.6052631578947,4.07894736842105,18.9,4.60526315789474,7,62.25,16,26.1,18,"Underperformed xG, Underperformed xGA",36.15,-0.05,0.260526315789474,-0.526315789473685,32.485,39.6688664928297,-0.234774436090226,0.291541353383459,-26.8139285714286
"37","Brighton","2018-2019",0.921052631578947,1.57894736842105,36,0.928947368421052,1.55526315789474,27.4,42.4,9.57894736842105,2.60526315789474,17.9,4.47368421052632,7,90.62,28,13.62,29,"Underperformed xG, Underperformed xGA",77,-0.00789473684210518,0.023684210526316,-1.86842105263158,8.87714285714285,45.6673954296789,-0.497932330827068,0.159962406015038,-50.4217857142857
"38","Cardiff City","2018-2019",0.894736842105263,1.81578947368421,34,1.11578947368421,1.61842105263158,27.7,35.4,10.8684210526316,2.97368421052632,17.7,5.44736842105263,10,51.2,18,0,18,"Underperformed xG, Underperformed xGA",51.2,-0.221052631578947,0.197368421052631,-2.47368421052632,51.2,37.7587735453737,-0.524248120300752,0.396804511278196,-8.09892857142859
"39","Fulham","2018-2019",0.894736842105263,2.13157894736842,26,1.08684210526316,1.79473684210526,26,48.8,11.8684210526316,3.68421052631579,19,5.94736842105263,5,116.5,18,5.35,11,"Underperformed xG, Underperformed xGA",111.15,-0.192105263157895,0.336842105263158,-2.26315789473684,54.7675,39.0624736995793,-0.524248120300752,0.712593984962407,-4.53142857142859
"40","Huddersfield","2018-2019",0.578947368421053,2,16,0.757894736842105,1.60263157894737,26.2,47.2,10.5263157894737,3.05263157894737,19.1,4.89473684210526,5,50.7,14,12.33,16,"Underperformed xG, Underperformed xGA",38.37,-0.178947368421053,0.397368421052632,-1.84210526315789,44.335,29.9110116702295,-0.840037593984963,0.581015037593985,-14.9639285714286
"41","Liverpool","2019-2020",2.23684210526316,0.868421052631579,99,1.81315789473684,0.992105263157895,26.6,62.9,15.421052631579,5.89473684210526,16.5,2.81578947368421,15,10.4,15,48,16,"Overperformed xG, Overperformed xGA",-37.6,0.423684210526316,-0.123684210526316,3.07894736842105,56.54,81.1191075136998,0.817857142857143,-0.550563909774436,-2.75892857142859
"42","Manchester City","2019-2020",2.68421052631579,0.921052631578947,81,2.42105263157895,0.952631578947368,26.9,66.2,19.3421052631579,6.57894736842105,16.4,2.89473684210526,17,169.82,25,71,26,"Overperformed xG, Overperformed xGA",98.82,0.263157894736842,-0.0315789473684212,3.68421052631579,90.1985714285714,88.8318845701471,1.26522556390977,-0.497932330827067,30.8996428571428
"43","Manchester Utd","2019-2020",1.73684210526316,0.947368421052632,66,1.63684210526316,0.992105263157895,24.8,55.8,13.9473684210526,5.28947368421053,19.1,3.44736842105263,13,236.8,13,81.18,12,"Overperformed xG, Overperformed xGA",155.62,0.0999999999999999,-0.0447368421052632,1.8421052631579,128.515714285714,67.4526078171879,0.317857142857143,-0.471616541353383,69.2167857142857
"44","Chelsea","2019-2020",1.81578947368421,1.42105263157895,66,1.82105263157895,1.01578947368421,25.5,60.4,16.2631578947368,5.52631578947368,16.6,3.02631578947368,9,45,22,163.07,29,"Underperformed xG, Underperformed xGA",-118.07,-0.0052631578947373,0.405263157894737,2.5,139.39,64.2051227407891,0.396804511278195,0.00206766917293244,80.0910714285714
"45","Leicester City","2019-2020",1.76315789473684,1.07894736842105,62,1.63684210526316,1.19736842105263,26.1,57.1,14.0263157894737,4.81578947368421,17.4,3.55263157894737,13,104.3,13,88.5,13,"Overperformed xG, Overperformed xGA",15.8,0.126315789473684,-0.118421052631579,1.26315789473684,17.53,51.8748009008583,0.344172932330827,-0.340037593984962,-41.7689285714286
"46","Tottenham","2019-2020",1.60526315789474,1.23684210526316,59,1.26052631578947,1.42631578947368,26.7,52,11.5789473684211,4.05263157894737,18.4,4.76315789473684,8,150.5,12,64.5,14,"Overperformed xG, Overperformed xGA",86,0.344736842105263,-0.189473684210526,-0.710526315789474,78.4114285714286,65.5582415226219,0.186278195488722,-0.182142857142857,19.1125
"47","Wolves","2019-2020",1.34210526315789,1.05263157894737,59,1.42368421052632,1,26.6,48.3,12.0263157894737,3.73684210526316,17.4,3.39473684210526,13,116.7,28,24.1,26,"Underperformed xG, Underperformed xGA",92.6,-0.0815789473684214,0.0526315789473684,0.342105263157895,40.405,49.6839921609558,-0.0768796992481207,-0.366353383458646,-18.8939285714286
"48","Arsenal","2019-2020",1.47368421052632,1.26315789473684,56,1.23684210526316,1.45526315789474,25.8,53.8,10.6052631578947,3.84210526315789,16.4,5.07894736842105,10,160.8,16,53.65,19,"Overperformed xG, Overperformed xGA",107.15,0.236842105263158,-0.192105263157895,-1.23684210526316,100,69.0763503553874,0.0546992481203004,-0.155827067669173,40.7010714285714
"49","Sheffield Utd","2019-2020",1.02631578947368,1.02631578947368,54,1.13157894736842,1.34210526315789,26.9,43.1,9.26315789473684,2.86842105263158,15.2,3.65789473684211,13,72.5,23,0,21,"Underperformed xG, Overperformed xGA",72.15,-0.105263157894737,-0.31578947368421,-0.789473684210527,56.9666666666667,32.886821061485,-0.392669172932331,-0.39266917293233,-2.33226190476192
"50","Burnley","2019-2020",1.13157894736842,1.31578947368421,54,1.24736842105263,1.31052631578947,28,41.9,10.1052631578947,3.26315789473684,16.4,4.39473684210526,15,23.85,8,13.55,11,"Underperformed xG, Underperformed xGA",10.3,-0.115789473684211,0.00526315789473708,-1.13157894736842,22.665,41.3902162170388,-0.287406015037594,-0.103195488721804,-36.6339285714286
"51","Southampton","2019-2020",1.34210526315789,1.57894736842105,52,1.47631578947368,1.38947368421053,25.9,48.9,13,4.5,17.8,4.42105263157895,9,61.5,14,27.3,17,"Underperformed xG, Underperformed xGA",34.2,-0.13421052631579,0.189473684210527,0.0789473684210522,32.485,39.6688664928297,-0.0768796992481207,0.159962406015038,-26.8139285714286
"52","Everton","2019-2020",1.15789473684211,1.47368421052632,49,1.33684210526316,1.27105263157895,25.5,49,12.3157894736842,4.18421052631579,16.4,3.86842105263158,9,121,22,87.8,22,"Underperformed xG, Underperformed xGA",33.2,-0.178947368421053,0.202631578947368,0.31578947368421,25.97,46.8852023333285,-0.26109022556391,0.054699248120301,-33.3289285714286
"53","Newcastle Utd","2019-2020",1,1.52631578947368,44,0.93421052631579,1.72631578947368,26.5,39,10.4736842105263,3.47368421052632,19.1,5.13157894736842,11,72.4,13,35.64,11,"Overperformed xG, Overperformed xGA",36.76,0.0657894736842104,-0.2,-1.65789473684211,74.1571428571429,50.944558678827,-0.418984962406015,0.10733082706767,14.8582142857143
"54","Crystal Palace","2019-2020",0.81578947368421,1.31578947368421,43,0.942105263157895,1.5,29.4,44.8,9.81578947368421,3.02631578947368,17,4.52631578947368,10,7.6,13,55.38,15,"Underperformed xG, Overperformed xGA",-47.78,-0.126315789473684,-0.184210526315789,-1.5,30.52,46.0733310642287,-0.603195488721805,-0.103195488721804,-28.7789285714286
"55","Brighton","2019-2020",1.02631578947368,1.42105263157895,41,1.19473684210526,1.44736842105263,26.4,52.2,12.1052631578947,3.65789473684211,17.6,4.42105263157895,9,61.74,25,8.5,30,"Underperformed xG, Overperformed xGA",53.24,-0.168421052631579,-0.0263157894736845,-0.763157894736842,8.87714285714285,45.6673954296789,-0.392669172932331,0.00206766917293244,-50.4217857142857
"56","West Ham","2019-2020",1.28947368421053,1.63157894736842,39,1.27894736842105,1.67894736842105,27.4,44.1,10.8684210526316,4.10526315789474,16.4,4.92105263157895,7,119.8,10,55.73,17,"Overperformed xG, Overperformed xGA",64.07,0.0105263157894737,-0.0473684210526313,-0.815789473684211,53.2428571428571,49.3208161406276,-0.129511278195489,0.212593984962406,-6.05607142857145
"57","Aston Villa","2019-2020",1.07894736842105,1.76315789473684,35,1.16578947368421,1.78421052631579,25.7,44.1,11.9210526315789,3.86842105263158,17.5,4.78947368421053,7,159.5,22,3,22,"Underperformed xG, Overperformed xGA",156.5,-0.0868421052631576,-0.0210526315789477,-0.921052631578947,76.594,52.4081260710892,-0.340037593984962,0.344172932330827,17.2950714285714
"58","Bournemouth","2019-2020",1.05263157894737,1.71052631578947,34,1.17894736842105,1.63947368421053,25.2,44.1,10.1315789473684,3.07894736842105,17.3,5.05263157894737,5,54.91,13,34.63,12,"Underperformed xG, Underperformed xGA",20.29,-0.126315789473684,0.0710526315789475,-1.97368421052632,66.976,42.3901943305406,-0.366353383458647,0.291541353383459,7.67707142857141
"59","Watford","2019-2020",0.947368421052632,1.68421052631579,34,1.28684210526316,1.52894736842105,28.9,42.9,10.9473684210526,2.94736842105263,17.3,4.68421052631579,9,56,21,25.4,21,"Underperformed xG, Underperformed xGA",30.6,-0.339473684210526,0.155263157894737,-1.73684210526316,23.5425,37.9236082326971,-0.471616541353384,0.265225563909775,-35.7564285714286
"60","Norwich City","2019-2020",0.68421052631579,1.97368421052632,21,0.973684210526316,1.75,26,49.3,10.7105263157895,3.31578947368421,18,5.52631578947368,5,8.82,23,2.2,28,"Underperformed xG, Underperformed xGA",6.62,-0.289473684210526,0.223684210526316,-2.21052631578947,15.885,25.7274962308209,-0.734774436090226,0.554699248120301,-43.4139285714286
"61","Manchester City","2020-2021",2.18421052631579,0.842105263157895,86,1.79473684210526,0.794736842105263,26.1,63.5,15.5263157894737,5.55263157894737,17.2,2.63157894736842,19,173.4,28,64,27,"Overperformed xG, Underperformed xGA",109.4,0.389473684210526,0.0473684210526315,2.92105263157895,90.1985714285714,88.8318845701471,0.765225563909774,-0.57687969924812,30.8996428571428
"62","Manchester Utd","2020-2021",1.92105263157895,1.15789473684211,74,1.58157894736842,1.08947368421053,25.6,55.7,13.5526315789474,5.1578947368421,18.1,3.71052631578947,13,83.95,17,19.5,17,"Overperformed xG, Underperformed xGA",64.45,0.339473684210526,0.0684210526315789,1.44736842105263,128.515714285714,67.4526078171879,0.502067669172932,-0.261090225563909,69.2167857142857
"63","Liverpool","2020-2021",1.78947368421053,1.10526315789474,69,1.77631578947368,1.13157894736842,26.8,62.1,15.8421052631579,5.36842105263158,17.1,3.68421052631579,12,84.8,17,17.2,13,"Overperformed xG, Overperformed xGA",67.6,0.013157894736842,-0.0263157894736841,1.68421052631579,56.54,81.1191075136998,0.370488721804511,-0.313721804511278,-2.75892857142859
"64","Chelsea","2020-2021",1.52631578947368,0.947368421052632,67,1.64210526315789,0.797368421052632,26,60.9,14.3684210526316,5.07894736842105,17.1,2.81578947368421,18,247.2,31,57.15,26,"Underperformed xG, Underperformed xGA",190.05,-0.11578947368421,0.15,2.26315789473684,139.39,64.2051227407891,0.107330827067669,-0.471616541353383,80.0910714285714
"65","Leicester City","2020-2021",1.78947368421053,1.31578947368421,66,1.46842105263158,1.21052631578947,26.5,54.3,12.4473684210526,4.47368421052632,18.6,3.57894736842105,11,59.4,19,53.77,18,"Overperformed xG, Underperformed xGA",5.63,0.321052631578947,0.105263157894737,0.894736842105263,17.53,51.8748009008583,0.370488721804511,-0.103195488721804,-41.7689285714286
"66","West Ham","2020-2021",1.63157894736842,1.23684210526316,65,1.4578947368421,1.28157894736842,27.8,43.2,12.2105263157895,4.1578947368421,16.1,3.86842105263158,11,54.7,16,45.41,17,"Overperformed xG, Overperformed xGA",9.29,0.173684210526316,-0.0447368421052632,0.289473684210526,53.2428571428571,49.3208161406276,0.212593984962406,-0.182142857142857,-6.05607142857145
"67","Tottenham","2020-2021",1.78947368421053,1.18421052631579,62,1.39736842105263,1.29210526315789,27.2,51.6,11.5263157894737,4.39473684210526,18,4.07894736842105,12,110.5,15,13.3,11,"Overperformed xG, Overperformed xGA",97.2,0.392105263157895,-0.107894736842105,0.315789473684211,78.4114285714286,65.5582415226219,0.370488721804511,-0.234774436090225,19.1125
"68","Arsenal","2020-2021",1.44736842105263,1.02631578947368,61,1.36052631578947,1.13157894736842,25.9,53.5,11.9210526315789,3.68421052631579,17.7,3.39473684210526,12,86,16,19.15,16,"Overperformed xG, Overperformed xGA",66.85,0.0868421052631578,-0.105263157894737,0.289473684210526,100,69.0763503553874,0.0283834586466163,-0.39266917293233,40.7010714285714
"69","Leeds United","2020-2021",1.63157894736842,1.42105263157895,59,1.46315789473684,1.52368421052632,26.1,57.3,13.6315789473684,5.07894736842105,16.9,5.21052631578947,12,127.8,16,0,17,"Overperformed xG, Overperformed xGA",127.8,0.168421052631579,-0.102631578947369,-0.131578947368421,78.83,43.2102871305858,0.212593984962406,0.00206766917293244,19.5310714285714
"70","Everton","2020-2021",1.23684210526316,1.26315789473684,59,1.20263157894737,1.31842105263158,26.3,46.4,10.3947368421053,3.76315789473684,17.2,4.23684210526316,12,74.37,20,4.43,20,"Overperformed xG, Overperformed xGA",69.95,0.0342105263157895,-0.0552631578947369,-0.473684210526315,25.97,46.8852023333285,-0.182142857142857,-0.155827067669173,-33.3289285714286
"71","Aston Villa","2020-2021",1.44736842105263,1.21052631578947,55,1.38157894736842,1.34473684210526,25.2,48.5,13.5263157894737,4.68421052631579,17.3,4.89473684210526,15,101.35,12,2.77,15,"Overperformed xG, Overperformed xGA",98.58,0.0657894736842106,-0.13421052631579,-0.210526315789473,76.594,52.4081260710892,0.0283834586466163,-0.208458646616541,17.2950714285714
"72","Newcastle Utd","2020-2021",1.21052631578947,1.63157894736842,45,1.14210526315789,1.53421052631579,27.1,38.8,10.2631578947368,3.42105263157895,18.3,4.94736842105263,7,38.75,10,0,15,"Overperformed xG, Underperformed xGA",37.97,0.0684210526315789,0.0973684210526313,-1.52631578947368,74.1571428571429,50.944558678827,-0.208458646616542,0.212593984962406,14.8582142857143
"73","Wolves","2020-2021",0.947368421052632,1.36842105263158,45,0.960526315789474,1.30263157894737,26.3,49.3,12.0789473684211,3.92105263157895,18.5,4,10,87.59,21,79.2,24,"Underperformed xG, Underperformed xGA",8.39,-0.0131578947368419,0.0657894736842106,-0.0789473684210527,40.405,49.6839921609558,-0.471616541353384,-0.0505639097744357,-18.8939285714286
"74","Crystal Palace","2020-2021",1.07894736842105,1.73684210526316,44,0.897368421052632,1.53157894736842,29.1,40.6,9.07894736842105,3.3421052631579,17.6,4.57894736842105,8,22.4,13,20,8,"Overperformed xG, Underperformed xGA",2.4,0.181578947368421,0.205263157894737,-1.23684210526316,30.52,46.0733310642287,-0.340037593984962,0.317857142857143,-28.7789285714286
"75","Southampton","2020-2021",1.23684210526316,1.78947368421053,43,1.08421052631579,1.39736842105263,26.6,52,11,4.13157894736842,18.6,4.68421052631579,9,37.3,23,26.3,18,"Overperformed xG, Underperformed xGA",11,0.152631578947368,0.392105263157895,-0.552631578947368,32.485,39.6688664928297,-0.182142857142857,0.370488721804512,-26.8139285714286
"76","Brighton","2020-2021",1.05263157894737,1.21052631578947,41,1.33947368421053,0.928947368421052,25.8,51.1,12.5789473684211,3.52631578947368,17.4,3.28947368421053,12,50.1,28,20.6,22,"Underperformed xG, Underperformed xGA",29.5,-0.286842105263158,0.281578947368421,0.236842105263158,8.87714285714285,45.6673954296789,-0.366353383458647,-0.208458646616541,-50.4217857142857
"77","Burnley","2020-2021",0.868421052631579,1.44736842105263,39,1.03421052631579,1.43947368421053,28.3,42.1,10.0263157894737,3.26315789473684,17.4,4.71052631578947,11,1.1,6,2.3,6,"Underperformed xG, Underperformed xGA",-1.2,-0.165789473684211,0.00789473684210518,-1.44736842105263,22.665,41.3902162170388,-0.550563909774436,0.028383458646617,-36.6339285714286
"78","Fulham","2020-2021",0.710526315789474,1.39473684210526,28,1.06578947368421,1.38421052631579,25.2,49.7,11.4736842105263,3.28947368421053,18.3,4.47368421052632,9,37.25,23,0,19,"Underperformed xG, Underperformed xGA",37.25,-0.355263157894737,0.0105263157894735,-1.18421052631579,54.7675,39.0624736995793,-0.708458646616542,-0.0242481203007516,-4.53142857142859
"79","West Brom","2020-2021",0.921052631578947,2,26,0.942105263157895,1.78684210526316,26.4,37.9,8.81578947368421,2.78947368421053,18.4,6.31578947368421,6,42.14,23,8.1,22,"Underperformed xG, Underperformed xGA",34.04,-0.0210526315789475,0.213157894736842,-3.52631578947368,42.745,31.584417845993,-0.497932330827068,0.581015037593985,-16.5539285714286
"80","Sheffield Utd","2020-2021",0.526315789473684,1.65789473684211,23,0.857894736842105,1.63684210526316,26.7,41.7,8.39473684210526,2.42105263157895,17.7,5.42105263157895,5,62.7,16,0,19,"Underperformed xG, Underperformed xGA",62.7,-0.331578947368421,0.0210526315789472,-3,56.9666666666667,32.886821061485,-0.892669172932331,0.238909774436091,-2.33226190476192
"81","Manchester City","2021-2022",2.60526315789474,0.68421052631579,93,2.33421052631579,0.647368421052632,27,67.9,18.5263157894737,6.23684210526316,16.3,2.23684210526316,21,138.9,21,93.8,24,"Overperformed xG, Underperformed xGA",45.1,0.271052631578947,0.0368421052631579,4,90.1985714285714,88.8318845701471,1.18627819548872,-0.734774436090225,30.8996428571428
"82","Liverpool","2021-2022",2.47368421052632,0.68421052631579,92,2.33421052631579,0.889473684210526,27.7,62.7,18.9736842105263,6.23684210526316,16.7,2.81578947368421,21,91,14,31.65,12,"Overperformed xG, Overperformed xGA",59.35,0.139473684210526,-0.205263157894737,3.42105263157895,56.54,81.1191075136998,1.0546992481203,-0.734774436090225,-2.75892857142859
"83","Chelsea","2021-2022",2,0.868421052631579,74,1.66842105263158,0.873684210526316,27.4,61.8,15.3421052631579,5.26315789473684,17.4,3.02631578947368,16,118,21,154.69,23,"Overperformed xG, Overperformed xGA",-36.69,0.331578947368421,-0.00526315789473686,2.23684210526316,139.39,64.2051227407891,0.581015037593985,-0.550563909774436,80.0910714285714
"84","Tottenham","2021-2022",1.81578947368421,1.05263157894737,71,1.61052631578947,1.03421052631579,26.5,51.8,12.7894736842105,4.86842105263158,16.7,3.60526315789474,16,95.9,14,34.62,19,"Overperformed xG, Underperformed xGA",61.28,0.205263157894737,0.0184210526315787,1.26315789473684,78.4114285714286,65.5582415226219,0.396804511278195,-0.366353383458646,19.1125
"85","Arsenal","2021-2022",1.60526315789474,1.26315789473684,69,1.59210526315789,1.20263157894737,24.4,52.8,15.2894736842105,4.89473684210526,17.8,3.86842105263158,13,167.4,13,31.4,20,"Overperformed xG, Underperformed xGA",136,0.0131578947368423,0.0605263157894735,1.02631578947368,100,69.0763503553874,0.186278195488722,-0.155827067669173,40.7010714285714
"86","Manchester Utd","2021-2022",1.5,1.5,58,1.46842105263158,1.39473684210526,27.2,52.7,13.2368421052632,4.71052631578947,17.7,4.73684210526316,8,142,16,31.1,14,"Overperformed xG, Underperformed xGA",110.9,0.0315789473684212,0.105263157894737,-0.0263157894736841,128.515714285714,67.4526078171879,0.0810150375939847,0.0810150375939853,69.2167857142857
"87","West Ham","2021-2022",1.57894736842105,1.34210526315789,56,1.35263157894737,1.40789473684211,28.2,47.9,11.6578947368421,3.73684210526316,16.6,4.3421052631579,8,74.5,10,4.24,8,"Overperformed xG, Overperformed xGA",70.27,0.226315789473684,-0.0657894736842106,-0.605263157894737,53.2428571428571,49.3208161406276,0.159962406015038,-0.07687969924812,-6.05607142857145
"88","Leicester City","2021-2022",1.63157894736842,1.55263157894737,52,1.25789473684211,1.56052631578947,26.5,52,11.3947368421053,4.31578947368421,17.8,5.05263157894737,7,67.6,11,4,11,"Overperformed xG, Overperformed xGA",63.6,0.373684210526316,-0.00789473684210518,-0.736842105263158,17.53,51.8748009008583,0.212593984962406,0.133646616541354,-41.7689285714286
"89","Brighton","2021-2022",1.10526315789474,1.15789473684211,51,1.21578947368421,1.12894736842105,26.2,54.4,12.6842105263158,3.71052631578947,17.7,3.84210526315789,11,75,26,78.8,29,"Underperformed xG, Underperformed xGA",-3.8,-0.110526315789473,0.0289473684210526,-0.13157894736842,8.87714285714285,45.6673954296789,-0.313721804511278,-0.261090225563909,-50.4217857142857
"90","Wolves","2021-2022",1,1.13157894736842,51,0.986842105263158,1.49736842105263,27.3,49.5,10.5526315789474,3.5,18.6,4.39473684210526,11,37.6,24,31.8,21,"Overperformed xG, Overperformed xGA",5.8,0.013157894736842,-0.365789473684211,-0.894736842105263,40.405,49.6839921609558,-0.418984962406015,-0.287406015037594,-18.8939285714286
"91","Newcastle Utd","2021-2022",1.15789473684211,1.63157894736842,49,1.00263157894737,1.50263157894737,27.5,40.4,11.7368421052632,3.73684210526316,18.1,4.3421052631579,8,130.5,12,0,10,"Overperformed xG, Underperformed xGA",130.5,0.155263157894737,0.128947368421053,-0.605263157894737,74.1571428571429,50.944558678827,-0.26109022556391,0.212593984962406,14.8582142857143
"92","Crystal Palace","2021-2022",1.31578947368421,1.21052631578947,48,1.22105263157895,1.07105263157895,27.1,51.1,10.6315789473684,3.68421052631579,16.1,3.78947368421053,12,85.62,13,0,16,"Overperformed xG, Underperformed xGA",85.62,0.0947368421052632,0.139473684210526,-0.105263157894737,30.52,46.0733310642287,-0.103195488721805,-0.208458646616541,-28.7789285714286
"93","Brentford","2021-2022",1.26315789473684,1.47368421052632,46,1.20526315789474,1.27631578947368,25.4,44.8,11.4736842105263,3.71052631578947,16.3,4.71052631578947,9,38.2,19,1,15,"Overperformed xG, Underperformed xGA",37.2,0.0578947368421052,0.197368421052631,-1,48.3166666666667,47.9295859050319,-0.155827067669173,0.054699248120301,-10.9822619047619
"94","Aston Villa","2021-2022",1.36842105263158,1.42105263157895,45,1.15789473684211,1.28947368421053,26.1,46.5,12.1315789473684,4.18421052631579,17.6,3.92105263157895,11,129.8,23,127,18,"Overperformed xG, Underperformed xGA",2.8,0.210526315789474,0.131578947368421,0.263157894736842,76.594,52.4081260710892,-0.0505639097744364,0.00206766917293244,17.2950714285714
"95","Southampton","2021-2022",1.13157894736842,1.76315789473684,40,1.17894736842105,1.57894736842105,25.7,47.7,12.5789473684211,4.23684210526316,17.7,4.81578947368421,8,63.4,10,60.35,14,"Underperformed xG, Underperformed xGA",3.05,-0.0473684210526313,0.184210526315789,-0.578947368421053,32.485,39.6688664928297,-0.287406015037594,0.344172932330827,-26.8139285714286
"96","Everton","2021-2022",1.13157894736842,1.73684210526316,39,1.08421052631579,1.4578947368421,26.7,40,11.3157894736842,3.42105263157895,17.7,4.94736842105263,8,39.5,14,46,15,"Overperformed xG, Underperformed xGA",-6.5,0.0473684210526315,0.278947368421053,-1.52631578947368,25.97,46.8852023333285,-0.287406015037594,0.317857142857143,-33.3289285714286
"97","Leeds United","2021-2022",1.10526315789474,2.07894736842105,38,1.16842105263158,1.78421052631579,26.1,52.3,12.6315789473684,3.73684210526316,18.3,5.89473684210526,5,59.3,13,0,14,"Underperformed xG, Underperformed xGA",59.3,-0.0631578947368419,0.294736842105263,-2.1578947368421,78.83,43.2102871305858,-0.313721804511278,0.659962406015038,19.5310714285714
"98","Burnley","2021-2022",0.894736842105263,1.39473684210526,35,1.04473684210526,1.50263157894737,28.5,40.2,10.6578947368421,3.13157894736842,17.2,4.68421052631579,9,49.4,8,40.5,6,"Underperformed xG, Overperformed xGA",8.9,-0.15,-0.107894736842105,-1.55263157894737,22.665,41.3902162170388,-0.524248120300752,-0.0242481203007516,-36.6339285714286
"99","Watford","2021-2022",0.894736842105263,2.02631578947368,23,1.05263157894737,1.69736842105263,28.4,40.7,10.4473684210526,3.23684210526316,18.1,4.94736842105263,4,43.5,31,12.85,29,"Underperformed xG, Underperformed xGA",30.65,-0.157894736842105,0.328947368421052,-1.71052631578947,23.5425,37.9236082326971,-0.524248120300752,0.607330827067669,-35.7564285714286
"100","Norwich City","2021-2022",0.605263157894737,2.21052631578947,22,0.85,1.98684210526316,26.2,42.9,9.73684210526316,2.73684210526316,19,5.8421052631579,6,63.55,32,38.4,31,"Underperformed xG, Underperformed xGA",25.15,-0.244736842105263,0.223684210526316,-3.10526315789474,15.885,25.7274962308209,-0.813721804511279,0.791541353383459,-43.4139285714286
"101","Manchester City","2022-2023",2.47368421052632,0.868421052631579,89,2.06842105263158,0.844736842105263,27.2,64.7,15.5263157894737,5.39473684210526,16.6,2.42105263157895,13,155,29,162.17,24,"Overperformed xG, Underperformed xGA",-7.17,0.405263157894737,0.0236842105263158,2.97368421052632,90.1985714285714,88.8318845701471,1.0546992481203,-0.550563909774436,30.8996428571428
"102","Arsenal","2022-2023",2.31578947368421,1.13157894736842,84,1.88421052631579,1.10526315789474,24.7,59.3,15.5,5.10526315789474,16,3.57894736842105,14,186.4,25,23.8,18,"Overperformed xG, Underperformed xGA",162.6,0.431578947368422,0.0263157894736841,1.52631578947368,100,69.0763503553874,0.896804511278195,-0.287406015037594,40.7010714285714
"103","Manchester Utd","2022-2023",1.52631578947368,1.13157894736842,75,1.78157894736842,1.32631578947368,26.9,53.7,15.5263157894737,5.42105263157895,17.8,3.73684210526316,17,243.28,24,23.65,19,"Underperformed xG, Overperformed xGA",219.63,-0.255263157894737,-0.194736842105263,1.68421052631579,128.515714285714,67.4526078171879,0.107330827067669,-0.287406015037594,69.2167857142857
"104","Newcastle Utd","2022-2023",1.78947368421053,0.868421052631579,71,1.8921052631579,1.03947368421053,27.3,52.3,14.8684210526316,4.8421052631579,15.6,3.3421052631579,14,185.35,17,14.06,13,"Underperformed xG, Overperformed xGA",171.29,-0.102631578947369,-0.171052631578947,1.5,74.1571428571429,50.944558678827,0.370488721804511,-0.550563909774436,14.8582142857143
"105","Liverpool","2022-2023",1.97368421052632,1.23684210526316,67,1.88157894736842,1.33684210526316,27.4,60.8,15.8157894736842,5.3421052631579,16.2,4.13157894736842,14,145.8,9,80.7,12,"Overperformed xG, Overperformed xGA",65.1,0.0921052631578947,-0.0999999999999999,1.21052631578947,56.54,81.1191075136998,0.5546992481203,-0.182142857142857,-2.75892857142859
"106","Brighton","2022-2023",1.89473684210526,1.39473684210526,62,1.92894736842105,1.32105263157895,26.3,60.2,15.9736842105263,5.76315789473684,16.8,3.44736842105263,12,55.7,21,138.4,23,"Underperformed xG, Underperformed xGA",-82.7,-0.0342105263157892,0.0736842105263154,2.31578947368421,8.87714285714285,45.6673954296789,0.475751879699248,-0.0242481203007516,-50.4217857142857
"107","Aston Villa","2022-2023",1.34210526315789,1.21052631578947,61,1.32368421052632,1.38157894736842,27,49.3,11.2368421052632,3.81578947368421,18,3.97368421052632,12,100.14,23,54,22,"Overperformed xG, Overperformed xGA",46.14,0.0184210526315789,-0.171052631578947,-0.157894736842105,76.594,52.4081260710892,-0.0768796992481207,-0.208458646616541,17.2950714285714
"108","Tottenham","2022-2023",1.84210526315789,1.65789473684211,60,1.5,1.30526315789474,27.6,50,13.4736842105263,4.89473684210526,16.7,4.52631578947368,10,179.9,15,38.75,14,"Overperformed xG, Underperformed xGA",141.15,0.342105263157895,0.352631578947368,0.368421052631579,78.4114285714286,65.5582415226219,0.423120300751879,0.238909774436091,19.1125
"109","Brentford","2022-2023",1.52631578947368,1.21052631578947,59,1.48157894736842,1.28421052631579,26.2,43.8,10.5263157894737,3.86842105263158,15.7,5.18421052631579,12,49.25,23,3.6,21,"Overperformed xG, Overperformed xGA",45.65,0.0447368421052634,-0.073684210526316,-1.31578947368421,48.3166666666667,47.9295859050319,0.107330827067669,-0.208458646616541,-10.9822619047619
"110","Fulham","2022-2023",1.44736842105263,1.39473684210526,52,1.21578947368421,1.67368421052632,28.2,48.8,11.0526315789474,3.60526315789474,17.3,5.1578947368421,9,76.1,20,25.4,21,"Overperformed xG, Overperformed xGA",50.7,0.231578947368421,-0.278947368421053,-1.55263157894737,54.7675,39.0624736995793,0.0283834586466163,-0.0242481203007516,-4.53142857142859
"111","Crystal Palace","2022-2023",1.05263157894737,1.28947368421053,45,1.03421052631579,1.26578947368421,26.7,46.3,11.1315789473684,3.5,17.6,4.21052631578947,9,46.6,16,5.46,13,"Overperformed xG, Underperformed xGA",41.15,0.0184210526315787,0.0236842105263158,-0.710526315789473,30.52,46.0733310642287,-0.366353383458647,-0.129511278195488,-28.7789285714286
"112","Chelsea","2022-2023",1,1.23684210526316,44,1.30263157894737,1.38157894736842,26.3,58.7,12.6578947368421,3.97368421052632,16.8,4.18421052631579,10,630.25,28,67.86,25,"Underperformed xG, Overperformed xGA",562.39,-0.302631578947368,-0.144736842105263,-0.210526315789473,139.39,64.2051227407891,-0.418984962406015,-0.182142857142857,80.0910714285714
"113","Wolves","2022-2023",0.81578947368421,1.52631578947368,41,0.968421052631579,1.57631578947368,26.7,49.9,10.7631578947368,3.13157894736842,18,4.57894736842105,11,179.51,31,62.87,27,"Underperformed xG, Overperformed xGA",116.64,-0.152631578947368,-0.0499999999999996,-1.44736842105263,40.405,49.6839921609558,-0.603195488721805,0.10733082706767,-18.8939285714286
"114","West Ham","2022-2023",1.10526315789474,1.44736842105263,40,1.29473684210526,1.39473684210526,28.2,42.1,12.2631578947368,3.5,17.3,4.47368421052632,9,196.6,12,21.55,13,"Underperformed xG, Underperformed xGA",175.05,-0.189473684210526,0.0526315789473686,-0.973684210526316,53.2428571428571,49.3208161406276,-0.313721804511278,0.028383458646617,-6.05607142857145
"115","Bournemouth","2022-2023",0.973684210526316,1.86842105263158,39,1.01315789473684,1.67894736842105,26.3,40.4,9.42105263157895,3.31578947368421,15.5,5.36842105263158,8,83.1,17,0,13,"Underperformed xG, Underperformed xGA",83.1,-0.0394736842105262,0.189473684210527,-2.05263157894737,66.976,42.3901943305406,-0.4453007518797,0.449436090225564,7.67707142857141
"116","Nott'ham Forest","2022-2023",1,1.78947368421053,38,1.03421052631579,1.68947368421053,26.5,37.6,9.52631578947368,2.92105263157895,17.2,4.78947368421053,8,198.35,42,5,26,"Underperformed xG, Underperformed xGA",193.35,-0.0342105263157897,0.0999999999999999,-1.86842105263158,120.79,37.0229879172243,-0.418984962406015,0.370488721804512,61.4910714285714
"117","Everton","2022-2023",0.894736842105263,1.5,36,1.18947368421053,1.72368421052632,26.6,42.8,11.2105263157895,3.76315789473684,16.8,4.86842105263158,9,83.07,15,103.6,18,"Underperformed xG, Overperformed xGA",-20.53,-0.294736842105263,-0.223684210526316,-1.10526315789474,25.97,46.8852023333285,-0.524248120300752,0.0810150375939853,-33.3289285714286
"118","Leicester City","2022-2023",1.34210526315789,1.78947368421053,34,1.32894736842105,1.66578947368421,26.1,47.7,10.8421052631579,3.73684210526316,17.7,4.68421052631579,7,49,10,81.4,9,"Overperformed xG, Underperformed xGA",-32.4,0.0131578947368418,0.123684210526316,-0.947368421052631,17.53,51.8748009008583,-0.0768796992481207,0.370488721804512,-41.7689285714286
"119","Leeds United","2022-2023",1.26315789473684,2.05263157894737,31,1.24473684210526,1.76578947368421,25.3,47,12.0789473684211,3.71052631578947,16.6,4.86842105263158,5,163.89,25,114.5,19,"Overperformed xG, Underperformed xGA",49.39,0.0184210526315789,0.286842105263158,-1.1578947368421,78.83,43.2102871305858,-0.155827067669173,0.633646616541354,19.5310714285714
"120","Southampton","2022-2023",0.947368421052632,1.92105263157895,25,0.994736842105263,1.6,24.7,44.5,10.8684210526316,3.47368421052632,18.1,3.94736842105263,4,153.11,21,5.5,14,"Underperformed xG, Underperformed xGA",147.61,-0.0473684210526314,0.321052631578947,-0.473684210526315,32.485,39.6688664928297,-0.471616541353384,0.502067669172932,-26.8139285714286
"121","Manchester City","2023-2024",2.52631578947368,0.894736842105263,91,2.11842105263158,0.936842105263158,26.6,65.2,17.9736842105263,6.94736842105263,17.1,2.86842105263158,13,259.6,19,121.5,20,"Overperformed xG, Overperformed xGA",138.1,0.407894736842105,-0.0421052631578949,4.07894736842105,90.1985714285714,88.8318845701471,1.10733082706767,-0.524248120300752,30.8996428571428
"122","Arsenal","2023-2024",2.39473684210526,0.763157894736842,89,2.00263157894737,0.734210526315789,25,58.2,17.0263157894737,5.5,15.8,2.18421052631579,18,235.1,15,69.2,16,"Overperformed xG, Underperformed xGA",165.9,0.392105263157895,0.0289473684210527,3.31578947368421,100,69.0763503553874,0.975751879699248,-0.655827067669173,40.7010714285714
"123","Liverpool","2023-2024",2.26315789473684,1.07894736842105,82,2.31052631578947,1.20263157894737,26.3,61.3,20.5526315789474,6.92105263157895,17.2,3.86842105263158,10,172,15,60.7,17,"Underperformed xG, Overperformed xGA",111.3,-0.0473684210526315,-0.123684210526316,3.05263157894737,56.54,81.1191075136998,0.844172932330827,-0.340037593984962,-2.75892857142859
"124","Aston Villa","2023-2024",2,1.60526315789474,68,1.66578947368421,1.57631578947368,26.9,53.1,13.4473684210526,4.78947368421053,16,4.55263157894737,8,111.5,16,32.55,15,"Overperformed xG, Underperformed xGA",78.95,0.33421052631579,0.0289473684210531,0.236842105263158,76.594,52.4081260710892,0.581015037593985,0.186278195488722,17.2950714285714
"125","Tottenham","2023-2024",1.94736842105263,1.60526315789474,66,1.79473684210526,1.66842105263158,25.2,61.6,15.3157894736842,5.44736842105263,16.5,4.39473684210526,7,272.1,26,120.7,21,"Overperformed xG, Overperformed xGA",151.4,0.152631578947368,-0.0631578947368419,1.05263157894737,78.4114285714286,65.5582415226219,0.528383458646616,0.186278195488722,19.1125
"126","Chelsea","2023-2024",2.02631578947368,1.65789473684211,63,1.96052631578947,1.52894736842105,24.2,58.6,14.1315789473684,5.10526315789474,17.3,4.89473684210526,8,464.1,31,277.5,32,"Overperformed xG, Underperformed xGA",186.6,0.0657894736842104,0.128947368421053,0.210526315789474,139.39,64.2051227407891,0.607330827067669,0.238909774436091,80.0910714285714
"127","Newcastle Utd","2023-2024",2.23684210526316,1.63157894736842,60,2,1.61578947368421,27.2,52.2,14.2631578947368,5.1578947368421,15.7,5.13157894736842,10,153.2,17,44.6,16,"Overperformed xG, Underperformed xGA",108.6,0.236842105263158,0.0157894736842106,0.0263157894736841,74.1571428571429,50.944558678827,0.817857142857143,0.212593984962406,14.8582142857143
"128","Manchester Utd","2023-2024",1.5,1.52631578947368,60,1.48684210526316,1.81315789473684,26.1,50.6,14.2894736842105,4.78947368421053,17.4,5.3421052631579,9,202.3,16,58.34,24,"Overperformed xG, Overperformed xGA",143.96,0.013157894736842,-0.286842105263158,-0.552631578947368,128.515714285714,67.4526078171879,0.0810150375939847,0.10733082706767,69.2167857142857
"129","West Ham","2023-2024",1.57894736842105,1.94736842105263,52,1.37631578947368,1.87105263157895,28.3,41.1,11.7105263157895,3.84210526315789,16.2,6.3421052631579,5,144.56,10,170.46,11,"Overperformed xG, Underperformed xGA",-25.9,0.202631578947369,0.0763157894736843,-2.5,53.2428571428571,49.3208161406276,0.159962406015038,0.528383458646617,-6.05607142857145
"130","Crystal Palace","2023-2024",1.5,1.52631578947368,49,1.27894736842105,1.36842105263158,26.7,42.3,11.8947368421053,4.26315789473684,17.2,4.05263157894737,10,67.8,8,0,9,"Overperformed xG, Underperformed xGA",67.8,0.221052631578947,0.157894736842105,0.210526315789474,30.52,46.0733310642287,0.0810150375939847,0.10733082706767,-28.7789285714286
"131","Brighton","2023-2024",1.44736842105263,1.63157894736842,48,1.49473684210526,1.4578947368421,25.9,59.8,14.6052631578947,5.21052631578947,16.7,4.3421052631579,6,109.5,31,190.2,24,"Underperformed xG, Underperformed xGA",-80.7,-0.0473684210526315,0.173684210526316,0.868421052631579,8.87714285714285,45.6673954296789,0.0283834586466163,0.212593984962406,-50.4217857142857
"132","Bournemouth","2023-2024",1.42105263157895,1.76315789473684,48,1.47105263157895,1.52894736842105,25.7,44.4,14.1842105263158,4.60526315789474,16.7,5.10526315789474,9,127.29,25,1.5,21,"Underperformed xG, Underperformed xGA",125.79,-0.0500000000000003,0.234210526315789,-0.5,66.976,42.3901943305406,0.00206766917293177,0.344172932330827,7.67707142857141
"133","Fulham","2023-2024",1.44736842105263,1.60526315789474,47,1.33684210526316,1.65526315789474,28.4,50.6,13.1315789473684,4.60526315789474,17,5,10,73.17,17,53.2,18,"Overperformed xG, Overperformed xGA",19.97,0.110526315789474,-0.0499999999999998,-0.394736842105263,54.7675,39.0624736995793,0.0283834586466163,0.186278195488722,-4.53142857142859
"134","Wolves","2023-2024",1.31578947368421,1.71052631578947,46,1.22894736842105,1.78157894736842,26.6,48.9,11.1842105263158,4.02631578947368,16.7,5.3421052631579,5,94,25,169.2,31,"Overperformed xG, Overperformed xGA",-75.2,0.0868421052631578,-0.0710526315789475,-1.31578947368421,40.405,49.6839921609558,-0.103195488721805,0.291541353383459,-18.8939285714286
"135","Everton","2023-2024",1.05263157894737,1.34210526315789,42,1.42105263157895,1.45263157894737,27.1,40.8,13.2631578947368,4,16.7,4.3421052631579,13,40.5,16,82.8,16,"Underperformed xG, Overperformed xGA",-42.3,-0.368421052631579,-0.110526315789474,-0.342105263157895,25.97,46.8852023333285,-0.366353383458647,-0.07687969924812,-33.3289285714286
"136","Brentford","2023-2024",1.47368421052632,1.71052631578947,39,1.53157894736842,1.47368421052632,26.6,45.2,12.3684210526316,4.18421052631579,15.6,4.8421052631579,7,72.35,19,10.25,16,"Underperformed xG, Underperformed xGA",62.1,-0.0578947368421054,0.236842105263158,-0.657894736842105,48.3166666666667,47.9295859050319,0.0546992481203004,0.291541353383459,-10.9822619047619
"137","Nott'ham Forest","2023-2024",1.28947368421053,1.76315789473684,32,1.31315789473684,1.4,25.7,40.6,11.8421052631579,3.76315789473684,17.2,4.28947368421053,4,131.05,35,82.82,41,"Underperformed xG, Underperformed xGA",48.23,-0.0236842105263158,0.363157894736842,-0.526315789473685,120.79,37.0229879172243,-0.129511278195489,0.344172932330827,61.4910714285714
"138","Luton Town","2023-2024",1.36842105263158,2.23684210526316,26,1.11578947368421,2.05263157894737,26.7,42.4,11.2368421052632,3.52631578947368,16.3,5.86842105263158,2,25.9,29,0,25,"Overperformed xG, Underperformed xGA",25.6,0.252631578947369,0.184210526315789,-2.34210526315789,25.6,32.0047612778905,-0.0505639097744364,0.817857142857143,-33.6989285714286
"139","Burnley","2023-2024",1.07894736842105,2.05263157894737,24,1.06842105263158,1.85263157894737,24.5,47.4,11.3157894736842,3.60526315789474,17.7,6.42105263157895,2,111.05,28,3.8,21,"Overperformed xG, Underperformed xGA",107.25,0.0105263157894739,0.2,-2.81578947368421,22.665,41.3902162170388,-0.340037593984962,0.633646616541354,-36.6339285714286
"140","Sheffield Utd","2023-2024",0.921052631578947,2.73684210526316,16,1.00789473684211,2.01842105263158,25.7,35.8,9.47368421052632,3.07894736842105,17.4,6.92105263157895,1,66.95,18,30.9,15,"Underperformed xG, Underperformed xGA",36.05,-0.0868421052631579,0.718421052631579,-3.8421052631579,56.9666666666667,32.886821061485,-0.497932330827068,1.31785714285714,-2.33226190476192
